<?xml version="1.0" encoding="UTF-8"?>
<actions>
        <action>
            <actionName>run</actionName>
            <packagings>
                <packaging>jar</packaging>
            </packagings>
            <goals>
                <goal>process-classes</goal>
                <goal>org.codehaus.mojo:exec-maven-plugin:1.2.1:exec</goal>
            </goals>
            <properties>
                <exec.args>-Djava.library.path="C:\Users\Aurelius\opencv\build\java\x64" -classpath %classpath Main.Main</exec.args>
                <exec.executable>java</exec.executable>
                <Env.GOOGLE_APPLICATION_CREDENTIALS>C:\Users\Aurelius\Documents\NetBeansProjects\ControlGUI\src\main\resources\my-project-1499664889201-a725eed30a26.json</Env.GOOGLE_APPLICATION_CREDENTIALS>
            </properties>
        </action>
        <action>
            <actionName>debug</actionName>
            <packagings>
                <packaging>jar</packaging>
            </packagings>
            <goals>
                <goal>process-classes</goal>
                <goal>org.codehaus.mojo:exec-maven-plugin:1.2.1:exec</goal>
            </goals>
            <properties>
                <exec.args>-Xdebug -Xrunjdwp:transport=dt_socket,server=n,address=${jpda.address} -Djava.library.path="C:\Users\Aurelius\opencv\build\java\x64" -classpath %classpath Main.Main</exec.args>
                <exec.executable>java</exec.executable>
                <jpda.listen>true</jpda.listen>
            </properties>
        </action>
        <action>
            <actionName>profile</actionName>
            <packagings>
                <packaging>jar</packaging>
            </packagings>
            <goals>
                <goal>process-classes</goal>
                <goal>org.codehaus.mojo:exec-maven-plugin:1.2.1:exec</goal>
            </goals>
            <properties>
                <exec.args>-Djava.library.path="C:\Users\Aurelius\opencv\build\java\x64" -classpath %classpath Main.Main</exec.args>
                <exec.executable>java</exec.executable>
            </properties>
        </action>
</actions>